frame,vis_score,vis_label,n_obj,n_danger,n_caution,n_safe,nearest_m,min_ttc,obj_classes
1,0.767,Good,1,1,0,0,8.36,,vehicle
4,0.767,Good,1,1,0,0,8.36,,vehicle
7,0.767,Good,1,1,0,0,8.36,,vehicle
10,0.767,Good,1,1,0,0,8.36,,vehicle
13,0.767,Good,1,1,0,0,8.36,,vehicle
16,0.767,Good,1,1,0,0,8.36,,vehicle
19,0.767,Good,1,1,0,0,8.36,,vehicle
22,0.767,Good,1,1,0,0,8.36,,vehicle
25,0.767,Good,1,1,0,0,8.36,,vehicle
28,0.767,Good,1,1,0,0,8.36,,vehicle
31,0.767,Good,1,1,0,0,8.36,,vehicle
34,0.767,Good,1,1,0,0,8.36,,vehicle
37,0.767,Good,1,1,0,0,8.36,,vehicle
40,0.767,Good,1,1,0,0,8.36,,vehicle
43,0.767,Good,1,1,0,0,8.36,,vehicle
46,0.817,Good,4,1,1,2,8.28,,vehicle;vehicle;vehicle;vehicle
49,0.819,Good,3,1,1,1,10.95,,vehicle;vehicle;vehicle
52,0.824,Good,2,1,1,0,17.68,,vehicle;vehicle
55,0.825,Good,5,1,3,1,8.44,,vehicle;vehicle;vehicle;pedestrian;vehicle
58,0.825,Good,3,2,1,0,8.44,,vehicle;vehicle;vehicle
61,0.822,Good,6,2,0,4,8.36,0.50,vehicle;vehicle;vehicle;vehicle;vehicle;vehicle
64,0.816,Good,3,0,1,2,27.86,,vehicle;vehicle;vehicle
67,0.805,Good,5,0,4,1,15.79,,pedestrian;vehicle;vehicle;vehicle;vehicle
70,0.802,Good,4,1,1,2,8.36,,vehicle;pedestrian;vehicle;vehicle
73,0.792,Good,3,0,1,2,15.58,,vehicle;vehicle;vehicle
76,0.781,Good,2,0,0,2,45.97,,vehicle;vehicle
79,0.767,Good,3,0,2,1,8.36,,vehicle;vehicle;vehicle
82,0.768,Good,5,1,3,1,7.07,,vehicle;vehicle;vehicle;vehicle;vehicle
85,0.780,Good,5,1,3,1,8.28,,vehicle;vehicle;vehicle;pedestrian;vehicle
88,0.790,Good,3,1,2,0,8.28,,vehicle;vehicle;vehicle
91,0.789,Good,2,1,1,0,11.08,,vehicle;vehicle
94,0.794,Good,2,1,0,1,14.83,,vehicle;vehicle
97,0.797,Good,3,0,3,0,15.58,,vehicle;vehicle;vehicle
100,0.800,Good,6,0,5,1,29.66,,vehicle;vehicle;vehicle;vehicle;vehicle;vehicle
103,0.810,Good,4,1,2,1,18.03,,vehicle;vehicle;vehicle;vehicle
106,0.817,Good,5,1,3,1,11.35,,vehicle;vehicle;vehicle;vehicle;vehicle
109,0.823,Good,6,1,2,3,9.78,0.55,vehicle;vehicle;vehicle;pedestrian;vehicle;vehicle
112,0.835,Good,6,2,2,2,10.95,2.29,vehicle;vehicle;vehicle;vehicle;vehicle;vehicle
115,0.845,Good,10,0,9,1,10.33,1.60,vehicle;vehicle;vehicle;vehicle;vehicle;vehicle;vehicle;vehicle;vehicle;vehicle
118,0.850,Good,9,0,4,5,14.83,,vehicle;vehicle;vehicle;vehicle;vehicle;vehicle;vehicle;vehicle;vehicle
121,0.849,Good,10,2,4,4,11.35,0.50,vehicle;vehicle;vehicle;vehicle;vehicle;vehicle;vehicle;vehicle;vehicle;vehicle
124,0.847,Good,9,1,3,5,8.93,2.13,vehicle;vehicle;vehicle;vehicle;vehicle;vehicle;vehicle;vehicle;vehicle
127,0.837,Good,8,3,3,2,14.37,0.50,vehicle;vehicle;vehicle;vehicle;vehicle;vehicle;vehicle;vehicle
130,0.819,Good,10,0,8,2,18.03,,vehicle;vehicle;vehicle;vehicle;vehicle;vehicle;vehicle;vehicle;vehicle;vehicle
133,0.813,Good,9,1,3,5,17.68,,vehicle;vehicle;vehicle;vehicle;vehicle;vehicle;vehicle;vehicle;vehicle
136,0.811,Good,10,0,4,6,19.16,0.66,vehicle;vehicle;vehicle;vehicle;vehicle;vehicle;vehicle;vehicle;vehicle;vehicle
139,0.812,Good,3,0,1,2,18.39,,vehicle;vehicle;vehicle
142,0.812,Good,7,0,1,6,35.36,,vehicle;vehicle;vehicle;vehicle;vehicle;pedestrian;vehicle
145,0.816,Good,4,0,1,3,21.27,,pedestrian;vehicle;vehicle;vehicle
148,0.818,Good,4,0,1,3,18.95,20.07,pedestrian;vehicle;vehicle;pedestrian
151,0.818,Good,6,0,2,4,25.54,,vehicle;pedestrian;vehicle;pedestrian;vehicle;vehicle
154,0.820,Good,4,0,1,3,35.36,,vehicle;vehicle;vehicle;vehicle
157,0.817,Good,9,0,1,8,29.66,,vehicle;vehicle;vehicle;vehicle;vehicle;vehicle;vehicle;vehicle;vehicle
160,0.816,Good,7,0,1,6,35.36,1.78,vehicle;vehicle;vehicle;vehicle;vehicle;vehicle;vehicle
163,0.817,Good,6,1,4,1,12.77,1.72,vehicle;vehicle;vehicle;vehicle;vehicle;vehicle
166,0.816,Good,6,0,3,3,32.84,,vehicle;vehicle;vehicle;vehicle;vehicle;vehicle
169,0.809,Good,8,0,3,5,19.16,6.32,vehicle;vehicle;vehicle;vehicle;vehicle;vehicle;pedestrian;vehicle
172,0.809,Good,9,1,4,4,16.13,0.50,vehicle;vehicle;vehicle;vehicle;vehicle;vehicle;vehicle;vehicle;vehicle
175,0.811,Good,8,1,2,5,14.15,,vehicle;vehicle;vehicle;vehicle;vehicle;vehicle;vehicle;vehicle
178,0.818,Good,6,0,2,4,18.03,0.50,vehicle;vehicle;vehicle;pedestrian;pedestrian;vehicle
181,0.823,Good,3,0,2,1,12.26,,vehicle;pedestrian;vehicle
184,0.819,Good,4,0,3,1,13.33,,vehicle;vehicle;pedestrian;vehicle
187,0.813,Good,1,0,1,0,24.85,,vehicle
190,0.811,Good,6,1,4,1,16.13,1.84,vehicle;vehicle;vehicle;pedestrian;vehicle;vehicle
193,0.807,Good,6,2,4,0,12.43,0.50,vehicle;vehicle;vehicle;pedestrian;vehicle;vehicle
196,0.806,Good,4,0,3,1,13.52,1.84,vehicle;vehicle;vehicle;vehicle
199,0.813,Good,4,0,2,2,28.73,,vehicle;vehicle;vehicle;pedestrian
202,0.811,Good,2,0,0,2,32.84,,vehicle;vehicle
205,0.812,Good,2,0,0,2,45.97,,vehicle;vehicle
208,0.813,Good,4,0,1,3,24.20,1.75,vehicle;vehicle;vehicle;vehicle
211,0.814,Good,1,1,0,0,15.07,,vehicle
214,0.815,Good,5,1,0,4,7.93,,vehicle;vehicle;vehicle;vehicle;vehicle
217,0.814,Good,9,4,3,2,7.54,0.50,vehicle;vehicle;vehicle;vehicle;vehicle;vehicle;pedestrian;vehicle;vehicle
220,0.811,Good,9,1,4,4,13.33,0.50,vehicle;vehicle;vehicle;vehicle;vehicle;vehicle;vehicle;vehicle;vehicle
223,0.810,Good,7,0,1,6,28.73,,vehicle;vehicle;vehicle;vehicle;vehicle;vehicle;vehicle
226,0.811,Good,9,0,4,5,19.16,,vehicle;vehicle;vehicle;vehicle;vehicle;vehicle;vehicle;vehicle;vehicle
229,0.812,Good,9,0,3,6,16.72,,vehicle;vehicle;pedestrian;vehicle;vehicle;vehicle;vehicle;vehicle;vehicle
232,0.804,Good,6,0,1,5,25.54,,vehicle;vehicle;vehicle;vehicle;vehicle;vehicle
235,0.790,Good,6,1,0,5,8.21,0.50,vehicle;pedestrian;vehicle;vehicle;vehicle;vehicle
238,0.780,Good,4,1,0,3,8.14,,vehicle;vehicle;vehicle;vehicle
241,0.760,Good,3,1,0,2,8.28,18.43,vehicle;vehicle;vehicle
244,0.746,Good,3,1,0,2,8.44,18.43,vehicle;vehicle;vehicle
247,0.727,Good,1,0,0,1,35.36,,vehicle
250,0.721,Good,4,0,1,3,32.84,0.50,vehicle;vehicle;vehicle;vehicle
253,0.741,Good,2,1,0,1,8.44,,vehicle;vehicle
256,0.752,Good,3,0,1,2,27.04,,vehicle;vehicle;vehicle
259,0.786,Good,7,0,2,5,23.58,,vehicle;vehicle;vehicle;vehicle;vehicle;vehicle;vehicle
262,0.817,Good,6,0,3,3,27.04,0.68,vehicle;vehicle;vehicle;vehicle;pedestrian;vehicle
265,0.844,Good,9,0,3,6,16.13,,vehicle;vehicle;vehicle;vehicle;pedestrian;pedestrian;vehicle;pedestrian;vehicle
268,0.855,Good,7,1,3,3,12.10,4.03,vehicle;vehicle;vehicle;vehicle;vehicle;pedestrian;pedestrian
271,0.867,Good,6,1,4,1,10.45,2.96,vehicle;vehicle;vehicle;vehicle;vehicle;vehicle
274,0.864,Good,5,0,3,2,19.16,6.37,vehicle;vehicle;pedestrian;vehicle;vehicle
277,0.860,Good,7,0,3,4,14.47,1.03,vehicle;pedestrian;vehicle;vehicle;vehicle;vehicle;vehicle
280,0.855,Good,3,1,1,1,8.93,0.50,vehicle;vehicle;vehicle
283,0.845,Good,5,1,1,3,13.33,0.50,vehicle;vehicle;vehicle;vehicle;vehicle
286,0.841,Good,1,1,0,0,15.58,0.50,vehicle
289,0.839,Good,6,1,4,1,16.13,0.50,vehicle;vehicle;vehicle;vehicle;pedestrian;vehicle
292,0.841,Good,4,1,2,1,14.83,0.50,vehicle;vehicle;vehicle;vehicle
295,0.850,Good,4,0,1,3,27.04,,vehicle;vehicle;pedestrian;vehicle
298,0.858,Good,6,1,3,2,10.82,,vehicle;vehicle;vehicle;vehicle;vehicle;vehicle
301,0.863,Good,6,1,1,4,11.08,0.50,vehicle;vehicle;vehicle;vehicle;vehicle;vehicle
304,0.866,Good,10,1,3,6,11.49,0.50,vehicle;vehicle;vehicle;vehicle;vehicle;vehicle;vehicle;vehicle;pedestrian;vehicle
307,0.871,Good,7,2,1,4,9.99,0.50,vehicle;vehicle;vehicle;vehicle;vehicle;vehicle;pedestrian
310,0.879,Good,10,2,3,5,12.26,0.74,vehicle;vehicle;vehicle;vehicle;vehicle;pedestrian;vehicle;vehicle;vehicle;vehicle
313,0.884,Good,9,1,3,5,7.86,0.52,vehicle;vehicle;vehicle;vehicle;vehicle;vehicle;vehicle;pedestrian;pedestrian
316,0.890,Good,3,1,1,1,8.28,2.54,vehicle;vehicle;pedestrian
319,0.890,Good,4,1,2,1,7.73,2.54,vehicle;vehicle;vehicle;vehicle
322,0.886,Good,3,1,2,0,7.42,0.50,vehicle;vehicle;vehicle
325,0.882,Good,1,1,0,0,7.18,0.50,vehicle
328,0.881,Good,4,1,2,1,10.82,0.52,vehicle;vehicle;vehicle;vehicle
331,0.879,Good,3,0,1,2,18.76,,vehicle;vehicle;vehicle
334,0.867,Good,3,0,2,1,20.43,,vehicle;vehicle;vehicle
337,0.856,Good,4,0,3,1,16.13,,vehicle;vehicle;pedestrian;vehicle
340,0.852,Good,4,0,3,1,17.03,0.50,vehicle;vehicle;vehicle;vehicle
343,0.845,Good,7,1,3,3,13.93,0.50,vehicle;vehicle;vehicle;vehicle;vehicle;vehicle;vehicle
346,0.842,Good,6,1,3,2,10.95,0.50,vehicle;vehicle;vehicle;vehicle;vehicle;vehicle
349,0.841,Good,6,1,4,1,13.14,0.50,vehicle;vehicle;vehicle;vehicle;vehicle;vehicle
352,0.842,Good,5,0,4,1,17.35,,vehicle;vehicle;vehicle;vehicle;vehicle
355,0.836,Good,4,0,4,0,13.71,,pedestrian;pedestrian;vehicle;vehicle
358,0.827,Good,5,0,3,2,12.43,4.21,vehicle;vehicle;vehicle;vehicle;vehicle
361,0.824,Good,6,0,4,2,12.71,,vehicle;vehicle;pedestrian;vehicle;vehicle;vehicle
364,0.822,Good,4,0,3,1,14.83,,vehicle;vehicle;vehicle;vehicle
367,0.820,Good,3,0,3,0,16.13,,vehicle;vehicle;vehicle
370,0.820,Good,4,1,3,0,15.85,,vehicle;vehicle;vehicle;vehicle
373,0.820,Good,9,1,4,4,6.25,,vehicle;vehicle;vehicle;vehicle;vehicle;vehicle;vehicle;vehicle;vehicle
376,0.820,Good,10,3,5,2,6.25,,vehicle;vehicle;vehicle;vehicle;vehicle;vehicle;vehicle;vehicle;pedestrian;vehicle
379,0.816,Good,10,2,5,3,6.21,0.50,vehicle;vehicle;vehicle;pedestrian;vehicle;vehicle;vehicle;vehicle;vehicle;pedestrian
382,0.811,Good,10,2,4,4,6.09,0.50,vehicle;vehicle;vehicle;vehicle;vehicle;vehicle;vehicle;pedestrian;vehicle;vehicle
385,0.805,Good,10,0,2,8,27.86,14.12,vehicle;vehicle;vehicle;vehicle;pedestrian;vehicle;vehicle;vehicle;pedestrian;vehicle
388,0.798,Good,7,2,1,4,11.94,23.00,vehicle;vehicle;pedestrian;vehicle;vehicle;pedestrian;vehicle
391,0.796,Good,4,0,0,4,41.79,,vehicle;vehicle;vehicle;vehicle
394,0.792,Good,5,2,2,1,5.93,0.50,vehicle;vehicle;vehicle;vehicle;vehicle
397,0.782,Good,5,1,1,3,6.64,0.50,vehicle;pedestrian;vehicle;vehicle;vehicle
400,0.772,Good,5,1,1,3,7.54,0.50,vehicle;vehicle;vehicle;vehicle;vehicle
403,0.763,Good,5,0,3,2,15.85,,vehicle;vehicle;pedestrian;vehicle;vehicle
406,0.743,Good,3,0,0,3,39.98,,vehicle;vehicle;vehicle
409,0.723,Good,4,0,1,3,39.98,,vehicle;vehicle;vehicle;vehicle
412,0.723,Good,3,0,2,1,22.43,,vehicle;vehicle;vehicle
415,0.725,Good,3,0,2,1,26.27,,vehicle;vehicle;vehicle
418,0.728,Good,2,0,2,0,15.85,1.07,vehicle;vehicle
421,0.731,Good,1,0,0,1,30.65,,pedestrian
424,0.757,Good,2,0,0,2,54.09,,vehicle;vehicle
427,0.765,Good,4,0,2,2,12.95,0.50,vehicle;vehicle;vehicle;vehicle
430,0.772,Good,5,0,1,4,15.32,,vehicle;vehicle;vehicle;vehicle;vehicle
433,0.783,Good,5,0,1,4,13.93,,vehicle;vehicle;pedestrian;vehicle;vehicle
436,0.800,Good,5,0,2,3,20.84,1.85,vehicle;pedestrian;vehicle;vehicle;vehicle
439,0.807,Good,5,0,3,2,19.16,,vehicle;vehicle;vehicle;vehicle;vehicle
442,0.821,Good,7,1,4,2,13.93,,vehicle;vehicle;vehicle;vehicle;vehicle;vehicle;vehicle
445,0.824,Good,6,2,1,3,12.10,,vehicle;vehicle;vehicle;vehicle;vehicle;vehicle
448,0.836,Good,7,0,4,3,24.20,,vehicle;vehicle;vehicle;vehicle;vehicle;vehicle;vehicle
451,0.836,Good,6,0,2,4,29.66,,vehicle;vehicle;vehicle;vehicle;vehicle;vehicle
454,0.827,Good,10,0,6,4,22.99,0.50,vehicle;vehicle;vehicle;vehicle;vehicle;vehicle;pedestrian;vehicle;vehicle;vehicle
457,0.823,Good,10,3,6,1,18.39,0.50,vehicle;vehicle;vehicle;vehicle;vehicle;vehicle;vehicle;vehicle;vehicle;vehicle
460,0.823,Good,9,3,1,5,8.51,0.89,vehicle;vehicle;vehicle;vehicle;vehicle;vehicle;vehicle;vehicle;vehicle
463,0.827,Good,9,2,3,4,17.68,0.50,vehicle;vehicle;vehicle;vehicle;vehicle;vehicle;vehicle;vehicle;pedestrian
466,0.830,Good,10,1,5,4,20.90,0.50,vehicle;vehicle;vehicle;vehicle;vehicle;vehicle;vehicle;vehicle;vehicle;vehicle
469,0.834,Good,10,2,6,2,8.76,0.50,vehicle;vehicle;vehicle;vehicle;vehicle;pedestrian;vehicle;vehicle;vehicle;vehicle
472,0.839,Good,8,1,1,6,14.83,5.58,vehicle;vehicle;vehicle;vehicle;vehicle;vehicle;vehicle;vehicle
475,0.837,Good,10,1,3,6,13.52,1.13,vehicle;vehicle;vehicle;vehicle;vehicle;vehicle;vehicle;pedestrian;vehicle;vehicle
478,0.817,Good,9,1,1,7,18.03,0.50,vehicle;vehicle;vehicle;vehicle;vehicle;vehicle;vehicle;vehicle;vehicle
481,0.809,Good,9,1,2,6,12.77,0.50,vehicle;vehicle;vehicle;vehicle;vehicle;vehicle;vehicle;vehicle;vehicle
484,0.812,Good,6,0,1,5,31.58,,vehicle;pedestrian;vehicle;vehicle;vehicle;vehicle
487,0.806,Good,10,0,4,6,26.27,1.63,vehicle;pedestrian;vehicle;vehicle;vehicle;vehicle;vehicle;vehicle;vehicle;pedestrian
490,0.809,Good,10,0,4,6,22.17,1.17,pedestrian;vehicle;vehicle;vehicle;vehicle;vehicle;vehicle;vehicle;vehicle;vehicle
493,0.803,Good,7,0,3,4,21.89,,vehicle;vehicle;vehicle;vehicle;vehicle;pedestrian;vehicle
496,0.794,Good,4,0,3,1,21.38,,vehicle;vehicle;pedestrian;vehicle
499,0.818,Good,4,0,1,3,26.27,,vehicle;vehicle;vehicle;vehicle
502,0.825,Good,5,0,1,4,23.58,1.31,vehicle;vehicle;vehicle;vehicle;vehicle
505,0.836,Good,8,1,2,5,10.33,1.31,vehicle;vehicle;vehicle;vehicle;vehicle;vehicle;vehicle;vehicle
508,0.839,Good,8,0,4,4,31.71,1.01,vehicle;vehicle;vehicle;vehicle;vehicle;vehicle;vehicle;vehicle
511,0.864,Good,9,1,8,0,17.68,0.50,vehicle;vehicle;vehicle;vehicle;pedestrian;vehicle;vehicle;vehicle;vehicle
514,0.877,Good,8,1,1,6,8.36,,vehicle;vehicle;vehicle;vehicle;pedestrian;vehicle;vehicle;vehicle
517,0.863,Good,10,2,5,3,8.00,0.75,vehicle;vehicle;vehicle;vehicle;vehicle;vehicle;vehicle;vehicle;vehicle;vehicle
520,0.872,Good,6,1,1,4,4.84,,vehicle;vehicle;vehicle;vehicle;vehicle;vehicle
523,0.878,Good,8,3,3,2,5.22,0.50,vehicle;vehicle;vehicle;vehicle;vehicle;vehicle;vehicle;vehicle
526,0.872,Good,9,4,0,5,5.31,0.50,vehicle;vehicle;vehicle;vehicle;vehicle;vehicle;vehicle;vehicle;vehicle
529,0.879,Good,8,1,0,7,5.64,,vehicle;vehicle;vehicle;vehicle;vehicle;vehicle;vehicle;vehicle
532,0.916,Good,10,1,2,7,5.78,0.50,vehicle;vehicle;vehicle;vehicle;vehicle;vehicle;vehicle;vehicle;vehicle;vehicle
535,0.953,Good,4,0,1,3,12.95,,vehicle;vehicle;vehicle;vehicle
538,0.974,Good,3,1,0,2,18.03,0.50,vehicle;vehicle;vehicle
541,0.985,Good,4,1,2,1,8.21,,vehicle;vehicle;vehicle;vehicle
544,0.949,Good,6,0,1,5,32.84,0.50,vehicle;vehicle;vehicle;vehicle;vehicle;pedestrian
547,0.835,Good,9,0,4,5,23.58,3.30,vehicle;vehicle;vehicle;vehicle;vehicle;vehicle;vehicle;vehicle;vehicle
550,0.754,Good,7,0,3,4,22.99,,vehicle;vehicle;vehicle;vehicle;vehicle;vehicle;vehicle
553,0.695,Good,2,0,0,2,39.98,,vehicle;vehicle
556,0.666,Good,1,0,0,1,48.39,,vehicle
559,0.722,Good,1,0,1,0,39.98,,vehicle
562,0.750,Good,1,0,1,0,40.08,,pedestrian
565,0.809,Good,2,0,1,1,34.74,,pedestrian;vehicle
568,0.853,Good,5,0,2,3,18.39,,vehicle;vehicle;vehicle;vehicle;vehicle
571,0.872,Good,5,0,1,4,23.58,,vehicle;vehicle;vehicle;vehicle;vehicle
574,0.876,Good,3,0,2,1,19.99,,vehicle;vehicle;vehicle
577,0.849,Good,3,0,0,3,28.73,,vehicle;vehicle;vehicle
580,0.821,Good,2,0,1,1,20.43,,vehicle;vehicle
583,0.803,Good,1,0,0,1,57.47,,vehicle
586,0.798,Good,1,0,0,1,54.09,,vehicle
589,0.815,Good,1,0,0,1,57.47,,vehicle
592,0.840,Good,5,0,0,5,48.39,,vehicle;vehicle;vehicle;vehicle;vehicle
595,0.866,Good,8,0,3,5,20.04,,vehicle;vehicle;pedestrian;vehicle;vehicle;vehicle;vehicle;vehicle
598,0.883,Good,7,0,2,5,19.30,4.60,vehicle;pedestrian;vehicle;vehicle;vehicle;vehicle;vehicle
601,0.902,Good,6,0,3,3,15.85,,vehicle;vehicle;vehicle;vehicle;vehicle;vehicle
604,0.910,Good,4,1,2,1,6.43,,vehicle;vehicle;vehicle;vehicle
607,0.914,Good,10,1,4,5,18.03,0.50,vehicle;vehicle;vehicle;vehicle;vehicle;vehicle;vehicle;vehicle;vehicle;vehicle
610,0.901,Good,2,0,1,1,35.36,,vehicle;vehicle
613,0.888,Good,3,1,0,2,13.93,,vehicle;vehicle;pedestrian
616,0.875,Good,2,0,0,2,28.16,,pedestrian;pedestrian
619,0.847,Good,1,1,0,0,13.72,,vehicle
622,0.830,Good,2,0,2,0,17.08,,pedestrian;pedestrian
625,0.802,Good,4,1,2,1,9.99,0.50,vehicle;vehicle;vehicle;vehicle
628,0.790,Good,3,0,2,1,33.61,0.70,vehicle;vehicle;pedestrian
631,0.807,Good,4,0,2,2,17.35,,vehicle;vehicle;vehicle;pedestrian
634,0.819,Good,2,0,2,0,16.13,,vehicle;vehicle
637,0.860,Good,3,0,0,3,30.65,,vehicle;pedestrian;vehicle
640,0.896,Good,2,1,1,0,16.13,0.54,vehicle;vehicle
643,0.916,Good,4,0,2,2,14.37,,vehicle;vehicle;vehicle;vehicle
646,0.918,Good,3,0,1,2,31.71,0.54,vehicle;vehicle;vehicle
649,0.922,Good,4,0,3,1,8.36,,vehicle;vehicle;vehicle;vehicle
652,0.884,Good,6,0,3,3,27.86,,vehicle;vehicle;vehicle;vehicle;vehicle;vehicle
655,0.858,Good,4,1,3,0,10.57,0.50,vehicle;vehicle;vehicle;pedestrian
658,0.850,Good,3,0,1,2,36.78,,vehicle;vehicle;pedestrian
661,0.845,Good,8,0,2,6,32.56,7.72,vehicle;vehicle;vehicle;pedestrian;vehicle;vehicle;pedestrian;vehicle
664,0.841,Good,8,0,1,7,24.85,,vehicle;vehicle;vehicle;vehicle;vehicle;vehicle;vehicle;vehicle
667,0.841,Good,10,0,3,7,23.58,5.19,vehicle;vehicle;vehicle;vehicle;vehicle;vehicle;pedestrian;vehicle;vehicle;vehicle
670,0.833,Good,8,1,0,7,15.07,0.50,vehicle;vehicle;vehicle;vehicle;vehicle;vehicle;vehicle;vehicle
673,0.823,Good,7,0,5,2,19.16,0.50,vehicle;vehicle;vehicle;vehicle;vehicle;vehicle;vehicle
676,0.825,Good,9,0,4,5,22.99,0.50,vehicle;vehicle;vehicle;vehicle;vehicle;vehicle;vehicle;vehicle;vehicle
679,0.835,Good,7,0,4,3,20.90,2.05,vehicle;vehicle;vehicle;vehicle;pedestrian;vehicle;vehicle
682,0.845,Good,7,1,2,4,20.43,0.64,vehicle;vehicle;pedestrian;vehicle;vehicle;vehicle;vehicle
685,0.869,Good,8,0,5,3,19.66,0.50,vehicle;pedestrian;vehicle;vehicle;vehicle;vehicle;vehicle;vehicle
688,0.889,Good,8,0,3,5,17.37,,pedestrian;vehicle;vehicle;vehicle;vehicle;vehicle;vehicle;vehicle
691,0.868,Good,6,1,2,3,12.95,2.05,vehicle;vehicle;vehicle;vehicle;vehicle;vehicle
694,0.689,Good,5,0,3,2,29.66,0.50,vehicle;vehicle;pedestrian;vehicle;vehicle
697,0.720,Good,5,1,2,2,13.72,0.50,vehicle;vehicle;vehicle;vehicle;vehicle
700,0.749,Good,6,2,2,2,11.79,1.81,vehicle;vehicle;vehicle;vehicle;vehicle;pedestrian
703,0.766,Good,6,2,1,3,8.76,10.09,vehicle;vehicle;vehicle;vehicle;vehicle;vehicle
706,0.773,Good,3,2,0,1,6.71,0.50,vehicle;vehicle;vehicle
709,0.775,Good,3,2,0,1,6.13,0.79,vehicle;vehicle;vehicle
712,0.783,Good,10,0,6,4,8.21,0.50,vehicle;vehicle;vehicle;vehicle;vehicle;vehicle;vehicle;vehicle;vehicle;vehicle
715,0.805,Good,3,0,3,0,18.39,1.81,vehicle;vehicle;vehicle
718,0.842,Good,4,1,1,2,15.07,,vehicle;vehicle;vehicle;vehicle
721,0.882,Good,2,0,1,1,15.07,,vehicle;vehicle
724,0.881,Good,2,2,0,0,9.89,,vehicle;vehicle
727,0.864,Good,4,1,1,2,11.79,,vehicle;vehicle;vehicle;vehicle
730,0.833,Good,3,0,2,1,18.03,,vehicle;vehicle;vehicle
733,0.810,Good,3,1,2,0,12.77,1.17,vehicle;vehicle;pedestrian
736,0.773,Good,2,0,0,2,48.39,,vehicle;vehicle
739,0.934,Good,1,0,1,0,13.33,,vehicle
742,0.889,Good,6,0,1,5,14.59,,vehicle;vehicle;vehicle;vehicle;pedestrian;vehicle
745,0.868,Good,4,1,2,1,11.79,1.07,vehicle;vehicle;vehicle;vehicle
748,0.837,Good,4,0,1,3,39.98,,vehicle;vehicle;vehicle;vehicle
751,0.843,Good,8,0,6,2,6.52,,vehicle;vehicle;vehicle;vehicle;vehicle;vehicle;vehicle;vehicle
754,0.865,Good,8,1,3,4,7.36,0.56,vehicle;vehicle;vehicle;vehicle;vehicle;vehicle;vehicle;vehicle
757,0.880,Good,3,0,2,1,17.35,,vehicle;vehicle;vehicle
760,0.903,Good,3,0,3,0,19.99,,vehicle;vehicle;vehicle
763,0.912,Good,8,1,4,3,10.95,,vehicle;vehicle;vehicle;vehicle;vehicle;vehicle;vehicle;vehicle
766,0.898,Good,9,0,2,7,27.86,,vehicle;vehicle;vehicle;vehicle;vehicle;vehicle;vehicle;vehicle;vehicle
769,0.871,Good,4,0,1,3,17.35,,vehicle;vehicle;vehicle;vehicle
772,0.860,Good,2,0,1,1,31.71,,vehicle;vehicle
775,0.832,Good,3,0,1,2,25.54,,vehicle;vehicle;vehicle
778,0.852,Good,6,1,2,3,12.60,,vehicle;vehicle;vehicle;vehicle;vehicle;vehicle
781,0.843,Good,4,0,3,1,23.58,,vehicle;vehicle;vehicle;vehicle
784,0.858,Good,5,3,1,1,6.43,0.50,vehicle;vehicle;vehicle;vehicle;vehicle
787,0.884,Good,8,0,6,2,7.07,0.50,vehicle;vehicle;vehicle;vehicle;vehicle;vehicle;pedestrian;vehicle
790,0.876,Good,8,1,3,4,6.21,3.41,vehicle;vehicle;vehicle;vehicle;vehicle;vehicle;vehicle;vehicle
793,0.871,Good,9,0,5,4,6.97,3.41,vehicle;vehicle;vehicle;vehicle;vehicle;vehicle;vehicle;vehicle;vehicle
796,0.856,Good,9,0,4,5,27.04,,vehicle;vehicle;vehicle;vehicle;vehicle;vehicle;vehicle;vehicle;vehicle
799,0.848,Good,8,2,2,4,8.28,0.50,vehicle;vehicle;vehicle;vehicle;vehicle;vehicle;vehicle;vehicle
802,0.831,Good,10,2,5,3,8.67,0.52,vehicle;vehicle;vehicle;vehicle;vehicle;vehicle;vehicle;pedestrian;pedestrian;vehicle
805,0.826,Good,7,0,4,3,18.03,,vehicle;vehicle;vehicle;vehicle;vehicle;vehicle;vehicle
808,0.827,Good,8,1,2,5,11.35,0.50,vehicle;vehicle;vehicle;vehicle;vehicle;vehicle;vehicle;vehicle
811,0.830,Good,5,0,1,4,45.97,,vehicle;vehicle;vehicle;vehicle;vehicle
814,0.829,Good,10,3,5,2,7.73,0.50,vehicle;vehicle;vehicle;vehicle;vehicle;vehicle;vehicle;vehicle;vehicle;vehicle
817,0.831,Good,5,1,1,3,9.10,,vehicle;vehicle;vehicle;vehicle;vehicle
820,0.814,Good,4,1,1,2,15.85,3.74,vehicle;vehicle;vehicle;vehicle
823,0.800,Good,5,1,3,1,16.13,0.50,vehicle;vehicle;vehicle;vehicle;vehicle
826,0.785,Good,9,4,3,2,12.43,0.50,vehicle;vehicle;vehicle;vehicle;vehicle;vehicle;vehicle;vehicle;vehicle
829,0.772,Good,8,1,4,3,16.72,7.68,vehicle;vehicle;vehicle;vehicle;vehicle;vehicle;vehicle;vehicle
832,0.791,Good,10,1,5,4,15.85,2.83,vehicle;vehicle;vehicle;vehicle;vehicle;vehicle;vehicle;vehicle;vehicle;vehicle
835,0.820,Good,10,1,3,6,20.90,0.50,vehicle;vehicle;pedestrian;vehicle;vehicle;vehicle;vehicle;vehicle;vehicle;vehicle
838,0.832,Good,7,5,1,1,8.51,0.98,vehicle;vehicle;vehicle;vehicle;vehicle;vehicle;vehicle
841,0.831,Good,6,1,4,1,11.49,,vehicle;vehicle;vehicle;vehicle;vehicle;vehicle
844,0.840,Good,9,1,3,5,12.77,0.50,vehicle;vehicle;vehicle;vehicle;vehicle;vehicle;vehicle;vehicle;vehicle
847,0.828,Good,6,1,2,3,5.71,,vehicle;vehicle;vehicle;vehicle;vehicle;vehicle
850,0.824,Good,5,0,2,3,23.58,1.77,vehicle;vehicle;vehicle;vehicle;vehicle
853,0.822,Good,1,0,0,1,61.30,9.67,vehicle
856,0.814,Good,4,0,1,3,24.85,7.76,vehicle;vehicle;vehicle;vehicle
859,0.820,Good,5,0,2,3,7.18,0.50,vehicle;vehicle;vehicle;vehicle;vehicle
862,0.831,Good,7,3,3,1,7.54,1.27,vehicle;vehicle;vehicle;vehicle;vehicle;vehicle;vehicle
865,0.837,Good,3,0,1,2,29.66,7.91,vehicle;vehicle;vehicle
868,0.842,Good,4,2,1,1,7.18,,vehicle;vehicle;vehicle;vehicle
871,0.849,Good,3,1,1,1,8.84,,vehicle;vehicle;vehicle
874,0.858,Good,5,0,3,2,14.83,,vehicle;vehicle;vehicle;vehicle;vehicle
877,0.868,Good,4,0,1,3,22.43,,vehicle;vehicle;vehicle;vehicle
880,0.865,Good,5,1,2,2,6.91,,vehicle;vehicle;vehicle;vehicle;vehicle
883,0.861,Good,6,1,2,3,17.35,,vehicle;vehicle;vehicle;vehicle;vehicle;vehicle
886,0.859,Good,8,3,2,3,6.81,0.50,vehicle;vehicle;vehicle;vehicle;vehicle;vehicle;vehicle;vehicle
889,0.864,Good,8,2,5,1,8.28,0.85,vehicle;vehicle;vehicle;vehicle;vehicle;vehicle;vehicle;vehicle
892,0.870,Good,9,0,6,3,8.07,,vehicle;vehicle;vehicle;vehicle;vehicle;vehicle;vehicle;vehicle;vehicle
895,0.884,Good,7,2,4,1,11.64,0.67,vehicle;vehicle;vehicle;vehicle;vehicle;vehicle;vehicle
898,0.889,Good,5,1,1,3,8.36,0.50,vehicle;vehicle;vehicle;vehicle;vehicle
901,0.887,Good,3,0,2,1,28.73,0.50,vehicle;vehicle;vehicle
904,0.887,Good,10,0,4,6,9.29,0.50,vehicle;vehicle;vehicle;vehicle;vehicle;vehicle;vehicle;vehicle;vehicle;vehicle
907,0.887,Good,6,1,3,2,19.99,0.50,vehicle;vehicle;vehicle;vehicle;vehicle;vehicle
910,0.857,Good,5,0,2,3,27.04,,vehicle;vehicle;vehicle;vehicle;vehicle
913,0.854,Good,5,1,1,3,18.95,0.50,pedestrian;vehicle;vehicle;vehicle;vehicle
916,0.860,Good,5,1,2,2,9.01,,vehicle;vehicle;vehicle;vehicle;vehicle
919,0.875,Good,4,0,1,3,18.39,0.50,vehicle;vehicle;vehicle;vehicle
922,0.894,Good,7,1,0,6,17.03,,vehicle;vehicle;vehicle;vehicle;vehicle;vehicle;vehicle
925,0.900,Good,10,1,5,4,6.09,0.50,vehicle;vehicle;vehicle;vehicle;vehicle;vehicle;vehicle;vehicle;vehicle;vehicle
928,0.911,Good,5,1,3,1,5.22,0.50,vehicle;vehicle;vehicle;vehicle;vehicle
931,0.904,Good,10,0,7,3,7.86,3.75,vehicle;vehicle;vehicle;vehicle;vehicle;vehicle;vehicle;vehicle;vehicle;vehicle
934,0.892,Good,4,0,0,4,32.84,,vehicle;vehicle;vehicle;vehicle
937,0.899,Good,6,0,2,4,21.89,,vehicle;vehicle;vehicle;vehicle;vehicle;vehicle
940,0.901,Good,5,0,2,3,18.76,,vehicle;vehicle;vehicle;vehicle;vehicle
943,0.908,Good,4,0,1,3,31.71,,vehicle;vehicle;vehicle;vehicle
946,0.917,Good,3,0,1,2,32.84,,vehicle;vehicle;vehicle
949,0.920,Good,2,0,0,2,54.09,,vehicle;vehicle
952,0.909,Good,1,0,0,1,57.47,,vehicle
955,0.896,Good,2,0,0,2,36.78,,vehicle;vehicle
958,0.872,Good,4,1,2,1,6.86,0.50,vehicle;vehicle;vehicle;vehicle
961,0.858,Good,1,0,1,0,30.65,,vehicle
964,0.856,Good,2,0,1,1,24.81,,pedestrian;vehicle
967,0.847,Good,3,0,1,2,24.85,,vehicle;vehicle;vehicle
970,0.817,Good,2,0,1,1,13.72,,vehicle;vehicle
973,0.811,Good,2,0,1,1,20.43,,vehicle;vehicle
976,0.796,Good,4,1,0,3,10.82,0.90,vehicle;vehicle;vehicle;vehicle
979,0.795,Good,1,0,1,0,43.78,,vehicle
982,0.794,Good,1,0,0,1,54.09,,vehicle
985,0.798,Good,2,0,0,2,57.47,,vehicle;vehicle
988,0.791,Good,2,0,0,2,48.39,1.62,vehicle;vehicle
991,0.797,Good,2,0,0,2,41.79,,vehicle;vehicle
994,0.799,Good,2,0,0,2,32.84,,vehicle;vehicle
997,0.807,Good,1,0,0,1,48.39,,vehicle
1000,0.820,Good,1,0,1,0,11.08,,vehicle
1003,0.862,Good,10,3,6,1,7.48,0.50,vehicle;vehicle;vehicle;vehicle;vehicle;vehicle;vehicle;vehicle;vehicle;vehicle
1006,0.892,Good,2,0,1,1,15.07,,vehicle;vehicle
1009,0.876,Good,6,1,3,2,19.99,0.50,vehicle;vehicle;vehicle;vehicle;vehicle;vehicle
1012,0.878,Good,3,1,2,0,14.83,0.50,vehicle;vehicle;vehicle
1015,0.858,Good,5,0,2,3,9.48,0.50,vehicle;vehicle;vehicle;vehicle;vehicle
1018,0.835,Good,2,0,0,2,45.97,,pedestrian;vehicle
1021,0.833,Good,2,0,0,2,34.05,,vehicle;pedestrian
1024,0.813,Good,3,0,2,1,15.07,,vehicle;vehicle;vehicle
1027,0.792,Good,3,0,0,3,43.78,,vehicle;vehicle;vehicle
1030,0.852,Good,2,0,0,2,51.08,,vehicle;vehicle
1033,0.863,Good,9,1,4,4,9.19,0.50,vehicle;vehicle;vehicle;vehicle;vehicle;vehicle;vehicle;vehicle;vehicle
1036,0.865,Good,10,2,3,5,8.21,0.50,vehicle;vehicle;vehicle;vehicle;vehicle;vehicle;vehicle;pedestrian;vehicle;vehicle
1039,0.864,Good,10,6,2,2,6.71,0.50,vehicle;vehicle;vehicle;vehicle;vehicle;vehicle;vehicle;vehicle;vehicle;vehicle
1042,0.874,Good,8,1,2,5,9.10,0.50,vehicle;vehicle;vehicle;pedestrian;vehicle;vehicle;vehicle;vehicle
1045,0.915,Good,5,1,3,1,7.93,0.50,vehicle;vehicle;vehicle;vehicle;vehicle
1048,0.924,Good,4,0,1,3,22.43,,vehicle;vehicle;vehicle;vehicle
1051,0.936,Good,3,0,2,1,17.03,,vehicle;vehicle;vehicle
1054,0.947,Good,3,0,2,1,16.72,0.84,vehicle;vehicle;vehicle
1057,0.953,Good,3,0,1,2,13.14,,vehicle;vehicle;vehicle
1060,0.953,Good,1,0,1,0,16.42,,vehicle
1063,0.946,Good,1,0,0,1,54.09,,vehicle
1066,0.938,Good,4,1,0,3,5.61,0.56,vehicle;vehicle;vehicle;vehicle
1069,0.943,Good,3,1,1,1,8.07,,vehicle;vehicle;vehicle
1072,0.948,Good,3,1,2,0,10.69,,vehicle;vehicle;vehicle
1075,0.953,Good,4,2,2,0,6.13,0.90,vehicle;vehicle;vehicle;vehicle
1078,0.955,Good,3,0,1,2,6.66,,vehicle;vehicle;vehicle
1081,0.952,Good,2,0,1,1,33.61,,vehicle;pedestrian
1084,0.947,Good,4,0,3,1,16.13,,vehicle;vehicle;vehicle;vehicle
1087,0.948,Good,6,0,6,0,17.35,0.50,vehicle;vehicle;vehicle;vehicle;vehicle;vehicle
1090,0.943,Good,6,0,2,4,10.82,,vehicle;vehicle;vehicle;vehicle;pedestrian;vehicle
1093,0.934,Good,6,0,1,5,18.03,,vehicle;vehicle;vehicle;vehicle;vehicle;vehicle
1096,0.924,Good,5,0,3,2,7.79,,vehicle;vehicle;vehicle;vehicle;vehicle
1099,0.916,Good,5,0,4,1,12.77,0.50,vehicle;vehicle;vehicle;pedestrian;vehicle
1102,0.900,Good,3,0,1,2,21.71,,pedestrian;vehicle;vehicle
1105,0.852,Good,2,0,0,2,38.31,,vehicle;vehicle
1108,0.795,Good,2,1,1,0,19.56,,vehicle;vehicle
1111,0.762,Good,2,1,0,1,19.56,,vehicle;vehicle
1114,0.756,Good,3,0,2,1,25.54,,vehicle;vehicle;vehicle
1117,0.760,Good,3,1,0,2,15.58,,vehicle;vehicle;vehicle
1120,0.793,Good,5,1,1,3,19.16,,vehicle;vehicle;vehicle;vehicle;vehicle
1123,0.810,Good,3,1,1,1,12.26,,vehicle;vehicle;vehicle
1126,0.848,Good,9,0,4,5,16.72,,vehicle;vehicle;vehicle;vehicle;vehicle;vehicle;vehicle;vehicle;vehicle
1129,0.863,Good,10,0,5,5,22.43,,vehicle;vehicle;vehicle;vehicle;vehicle;vehicle;vehicle;vehicle;vehicle;vehicle
1132,0.877,Good,5,0,4,1,17.35,0.67,vehicle;vehicle;vehicle;vehicle;vehicle
1135,0.892,Good,6,1,2,3,7.54,,vehicle;vehicle;vehicle;vehicle;vehicle;vehicle
1138,0.889,Good,5,0,3,2,17.35,,vehicle;vehicle;vehicle;vehicle;vehicle
1141,0.892,Good,4,2,1,1,8.51,0.50,vehicle;vehicle;vehicle;vehicle
1144,0.896,Good,6,3,3,0,7.48,0.54,vehicle;vehicle;vehicle;vehicle;vehicle;vehicle
1147,0.908,Good,8,1,3,4,13.72,0.58,vehicle;vehicle;vehicle;vehicle;vehicle;vehicle;vehicle;vehicle
1150,0.899,Good,6,1,3,2,17.35,0.50,vehicle;vehicle;vehicle;vehicle;vehicle;vehicle
1153,0.915,Good,6,1,2,3,8.51,6.17,vehicle;vehicle;vehicle;vehicle;vehicle;vehicle
1156,0.918,Good,7,0,4,3,14.37,0.57,vehicle;vehicle;vehicle;vehicle;vehicle;vehicle;vehicle
1159,0.844,Good,5,2,0,3,12.43,,vehicle;vehicle;vehicle;vehicle;vehicle
1162,0.818,Good,8,0,2,6,21.38,1.35,vehicle;vehicle;vehicle;vehicle;vehicle;vehicle;pedestrian;vehicle
1165,0.811,Good,10,0,3,7,22.99,1.35,vehicle;vehicle;vehicle;vehicle;vehicle;vehicle;vehicle;vehicle;pedestrian;pedestrian
1168,0.813,Good,6,1,2,3,8.59,0.50,vehicle;vehicle;pedestrian;vehicle;vehicle;vehicle
1171,0.815,Good,9,1,2,6,9.01,,vehicle;vehicle;vehicle;vehicle;vehicle;vehicle;vehicle;vehicle;vehicle
1174,0.820,Good,10,1,3,6,13.33,0.50,vehicle;vehicle;vehicle;vehicle;vehicle;vehicle;vehicle;vehicle;vehicle;vehicle
1177,0.828,Good,8,1,5,2,11.79,0.50,vehicle;vehicle;vehicle;vehicle;vehicle;vehicle;vehicle;vehicle
1180,0.835,Good,8,0,7,1,9.89,,vehicle;vehicle;vehicle;vehicle;vehicle;vehicle;vehicle;vehicle
1183,0.842,Good,8,2,3,3,10.69,0.50,vehicle;vehicle;vehicle;vehicle;vehicle;vehicle;vehicle;vehicle
1186,0.838,Good,9,0,4,5,17.03,0.50,vehicle;vehicle;vehicle;vehicle;vehicle;vehicle;vehicle;vehicle;vehicle
1189,0.826,Good,6,1,2,3,13.72,0.50,vehicle;vehicle;vehicle;vehicle;pedestrian;vehicle
1192,0.817,Good,7,1,2,4,15.32,,vehicle;vehicle;vehicle;vehicle;vehicle;vehicle;vehicle
1195,0.817,Good,4,1,1,2,11.08,,vehicle;vehicle;vehicle;vehicle
1198,0.820,Good,6,0,5,1,7.07,0.79,vehicle;vehicle;vehicle;vehicle;vehicle;vehicle
1201,0.829,Good,10,2,7,1,18.76,0.50,vehicle;vehicle;vehicle;vehicle;vehicle;vehicle;vehicle;vehicle;vehicle;vehicle
1204,0.836,Good,9,0,2,7,28.73,0.62,vehicle;vehicle;vehicle;vehicle;vehicle;vehicle;vehicle;vehicle;vehicle
1207,0.838,Good,9,0,1,8,19.16,0.50,vehicle;vehicle;vehicle;vehicle;vehicle;vehicle;vehicle;vehicle;vehicle
1210,0.835,Good,10,1,4,5,14.15,0.50,vehicle;vehicle;vehicle;vehicle;vehicle;vehicle;vehicle;vehicle;vehicle;vehicle
1213,0.829,Good,6,0,3,3,16.13,,vehicle;vehicle;vehicle;vehicle;pedestrian;vehicle
1216,0.827,Good,3,0,1,2,27.86,1.65,vehicle;vehicle;vehicle
1219,0.829,Good,7,1,1,5,13.93,,vehicle;vehicle;vehicle;vehicle;pedestrian;vehicle;vehicle
1222,0.827,Good,3,0,2,1,9.68,,vehicle;vehicle;vehicle
1225,0.814,Good,5,0,2,3,13.33,8.24,vehicle;vehicle;vehicle;vehicle;vehicle
1228,0.806,Good,2,0,2,0,16.42,,vehicle;vehicle
1231,0.802,Good,4,0,3,1,18.76,1.59,vehicle;vehicle;vehicle;vehicle
1234,0.794,Good,8,0,1,7,13.72,,vehicle;vehicle;vehicle;vehicle;vehicle;vehicle;vehicle;vehicle
1237,0.789,Good,7,0,4,3,6.91,,vehicle;vehicle;vehicle;vehicle;vehicle;vehicle;vehicle
1240,0.793,Good,4,0,4,0,11.08,3.22,vehicle;vehicle;vehicle;vehicle
1243,0.796,Good,7,0,4,3,16.13,0.51,vehicle;vehicle;vehicle;vehicle;vehicle;vehicle;vehicle
1246,0.804,Good,3,1,0,2,17.03,1.12,vehicle;vehicle;vehicle
1249,0.811,Good,5,0,2,3,7.86,,vehicle;vehicle;vehicle;vehicle;vehicle
1252,0.818,Good,4,1,1,2,12.10,0.50,vehicle;vehicle;vehicle;vehicle
1255,0.816,Good,4,0,2,2,15.58,0.50,vehicle;vehicle;vehicle;vehicle
1258,0.802,Good,2,0,1,1,24.85,,vehicle;vehicle
1261,0.798,Good,3,1,1,1,7.60,0.50,vehicle;vehicle;vehicle
1264,0.777,Good,3,1,1,1,4.14,,vehicle;vehicle;vehicle
1267,0.773,Good,5,1,2,2,8.67,,vehicle;vehicle;vehicle;vehicle;vehicle
1270,0.760,Good,4,1,1,2,4.22,21.42,vehicle;vehicle;vehicle;vehicle
1273,0.796,Good,5,2,1,2,4.20,,vehicle;vehicle;vehicle;vehicle;vehicle
1276,0.761,Good,4,1,1,2,10.82,,vehicle;vehicle;pedestrian;vehicle
1279,0.759,Good,8,2,3,3,11.79,0.50,vehicle;vehicle;vehicle;pedestrian;vehicle;vehicle;vehicle;vehicle
1282,0.763,Good,3,0,1,2,24.81,,vehicle;pedestrian;vehicle
1285,0.760,Good,9,1,4,4,14.37,0.50,vehicle;vehicle;vehicle;vehicle;vehicle;vehicle;vehicle;pedestrian;vehicle
1288,0.759,Good,7,0,4,3,15.32,4.30,vehicle;vehicle;vehicle;vehicle;pedestrian;pedestrian;vehicle
1291,0.763,Good,6,2,3,1,4.30,5.64,vehicle;vehicle;vehicle;vehicle;pedestrian;vehicle
1294,0.770,Good,6,2,4,0,4.84,0.84,vehicle;vehicle;vehicle;vehicle;vehicle;pedestrian
1297,0.791,Good,6,2,1,3,4.30,3.04,vehicle;vehicle;vehicle;pedestrian;vehicle;vehicle
1300,0.804,Good,3,2,0,1,4.30,,vehicle;vehicle;vehicle
1303,0.815,Good,4,1,2,1,4.32,95.17,vehicle;vehicle;vehicle;vehicle
1306,0.817,Good,5,1,2,2,4.32,0.53,vehicle;vehicle;vehicle;vehicle;vehicle
1309,0.812,Good,7,1,2,4,4.26,0.84,vehicle;vehicle;vehicle;vehicle;vehicle;pedestrian;vehicle
1312,0.793,Good,7,0,2,5,30.65,0.84,vehicle;vehicle;vehicle;vehicle;pedestrian;vehicle;vehicle
1315,0.782,Good,4,0,4,0,13.72,0.50,vehicle;vehicle;vehicle;vehicle
1318,0.765,Good,6,1,3,2,11.49,0.89,vehicle;vehicle;vehicle;vehicle;vehicle;vehicle
1321,0.744,Good,6,1,4,1,10.57,,vehicle;vehicle;vehicle;vehicle;vehicle;vehicle
1324,0.739,Good,7,0,4,3,22.43,0.89,vehicle;vehicle;vehicle;vehicle;vehicle;vehicle;vehicle
1327,0.763,Good,7,0,2,5,7.66,2.28,vehicle;vehicle;vehicle;vehicle;vehicle;vehicle;vehicle
1330,0.804,Good,6,0,1,5,20.90,0.50,vehicle;vehicle;vehicle;vehicle;vehicle;vehicle
1333,0.781,Good,9,1,4,4,13.52,0.50,vehicle;vehicle;vehicle;vehicle;vehicle;vehicle;vehicle;vehicle;vehicle
1336,0.814,Good,10,3,4,3,6.71,0.67,vehicle;vehicle;vehicle;vehicle;vehicle;vehicle;vehicle;vehicle;vehicle;vehicle
1339,0.806,Good,10,1,4,5,6.61,0.67,vehicle;vehicle;vehicle;vehicle;vehicle;vehicle;vehicle;vehicle;vehicle;vehicle
1342,0.792,Good,10,0,4,6,11.08,0.51,vehicle;vehicle;vehicle;vehicle;vehicle;vehicle;vehicle;vehicle;vehicle;pedestrian
1345,0.780,Good,10,2,3,5,4.28,0.50,vehicle;vehicle;vehicle;vehicle;vehicle;vehicle;vehicle;vehicle;vehicle;vehicle
1348,0.769,Good,8,3,3,2,4.84,0.50,vehicle;vehicle;vehicle;vehicle;vehicle;vehicle;pedestrian;vehicle
1351,0.757,Good,7,1,4,2,4.32,0.50,vehicle;vehicle;vehicle;vehicle;vehicle;vehicle;vehicle
1354,0.757,Good,5,0,1,4,27.86,0.63,vehicle;vehicle;vehicle;vehicle;vehicle
1357,0.759,Good,7,0,2,5,22.99,0.63,vehicle;vehicle;vehicle;vehicle;vehicle;vehicle;vehicle
1360,0.770,Good,4,0,0,4,36.78,,vehicle;vehicle;vehicle;pedestrian
1363,0.780,Good,3,0,0,3,43.42,,vehicle;pedestrian;vehicle
1366,0.783,Good,8,0,3,5,18.03,0.63,vehicle;vehicle;vehicle;vehicle;vehicle;vehicle;vehicle;vehicle
1369,0.788,Good,3,0,0,3,36.78,,vehicle;vehicle;vehicle
1372,0.784,Good,7,0,1,6,15.58,3.60,vehicle;vehicle;vehicle;vehicle;vehicle;vehicle;vehicle
1375,0.786,Good,5,2,1,2,8.14,0.50,vehicle;vehicle;vehicle;pedestrian;vehicle
1378,0.785,Good,4,0,0,4,37.22,,vehicle;vehicle;pedestrian;vehicle
1381,0.789,Good,6,1,3,2,8.07,7.19,vehicle;vehicle;vehicle;vehicle;vehicle;vehicle
1384,0.795,Good,8,0,3,5,12.43,,vehicle;vehicle;vehicle;vehicle;vehicle;vehicle;vehicle;pedestrian
1387,0.798,Good,8,0,2,6,20.90,,vehicle;vehicle;vehicle;vehicle;pedestrian;vehicle;vehicle;vehicle
1390,0.798,Good,7,0,1,6,14.37,14.20,vehicle;vehicle;vehicle;vehicle;vehicle;vehicle;vehicle
1393,0.801,Good,9,1,5,3,5.68,1.03,vehicle;vehicle;vehicle;vehicle;vehicle;vehicle;vehicle;vehicle;vehicle
1396,0.817,Good,6,0,3,3,11.64,,vehicle;vehicle;vehicle;vehicle;vehicle;vehicle
1399,0.817,Good,10,1,2,7,15.07,1.03,vehicle;vehicle;vehicle;vehicle;vehicle;vehicle;vehicle;vehicle;vehicle;vehicle
1402,0.817,Good,8,0,3,5,24.20,,vehicle;vehicle;vehicle;vehicle;vehicle;vehicle;vehicle;vehicle
1405,0.817,Good,9,1,1,7,7.42,0.50,vehicle;vehicle;vehicle;vehicle;vehicle;vehicle;vehicle;vehicle;vehicle
1408,0.809,Good,9,1,2,6,6.76,0.50,vehicle;vehicle;vehicle;vehicle;vehicle;vehicle;vehicle;vehicle;vehicle
1411,0.814,Good,8,0,4,4,12.60,0.51,vehicle;vehicle;vehicle;vehicle;vehicle;vehicle;vehicle;vehicle
1414,0.811,Good,7,2,1,4,7.93,0.50,vehicle;vehicle;vehicle;vehicle;vehicle;vehicle;pedestrian
1417,0.802,Good,10,2,7,1,8.51,0.50,vehicle;vehicle;vehicle;vehicle;vehicle;vehicle;vehicle;vehicle;vehicle;vehicle
1420,0.770,Good,8,2,3,3,15.32,0.50,vehicle;vehicle;vehicle;vehicle;vehicle;vehicle;vehicle;vehicle
1423,0.768,Good,4,1,0,3,12.43,0.50,vehicle;vehicle;vehicle;vehicle
1426,0.773,Good,4,0,2,2,13.33,,vehicle;vehicle;vehicle;vehicle
1429,0.783,Good,2,0,1,1,23.58,0.50,vehicle;vehicle
1432,0.780,Good,1,0,1,0,16.13,,vehicle
1435,0.803,Good,2,0,0,2,48.39,,vehicle;vehicle
1438,0.816,Good,2,0,1,1,24.85,0.50,vehicle;vehicle
1441,0.841,Good,4,0,3,1,18.76,,vehicle;vehicle;vehicle;vehicle
1444,0.856,Good,3,0,1,2,21.89,,vehicle;vehicle;vehicle
1447,0.867,Good,6,0,1,5,21.38,,vehicle;vehicle;vehicle;pedestrian;vehicle;vehicle
1450,0.871,Good,2,0,1,1,36.78,,vehicle;vehicle
1453,0.869,Good,4,0,1,3,19.99,,vehicle;vehicle;vehicle;vehicle
1456,0.855,Good,8,3,2,3,5.38,,vehicle;vehicle;vehicle;vehicle;vehicle;vehicle;vehicle;vehicle
1459,0.837,Good,4,1,2,1,11.49,,vehicle;vehicle;vehicle;vehicle
1462,0.836,Good,5,0,4,1,9.99,,vehicle;vehicle;vehicle;vehicle;vehicle
1465,0.832,Good,8,0,5,3,15.85,,vehicle;vehicle;vehicle;vehicle;vehicle;vehicle;vehicle;vehicle
1468,0.826,Good,8,1,3,4,16.13,16.45,vehicle;vehicle;vehicle;vehicle;vehicle;vehicle;vehicle;vehicle
1471,0.840,Good,7,0,5,2,17.03,,vehicle;vehicle;vehicle;vehicle;vehicle;vehicle;vehicle
1474,0.866,Good,8,2,4,2,15.32,1.27,vehicle;vehicle;vehicle;vehicle;vehicle;vehicle;vehicle;vehicle
1477,0.838,Good,6,0,2,4,17.03,,vehicle;vehicle;vehicle;vehicle;vehicle;vehicle
1480,0.804,Good,7,0,2,5,17.35,,vehicle;vehicle;vehicle;vehicle;vehicle;pedestrian;vehicle
1483,0.787,Good,5,0,3,2,15.58,,vehicle;pedestrian;pedestrian;vehicle;vehicle
1486,0.795,Good,6,0,3,3,26.27,0.50,vehicle;vehicle;vehicle;vehicle;pedestrian;vehicle
1489,0.778,Good,4,0,3,1,17.35,,vehicle;vehicle;vehicle;vehicle
1492,0.777,Good,4,0,2,2,17.35,,vehicle;vehicle;pedestrian;vehicle
1495,0.790,Good,7,0,4,3,32.84,0.50,vehicle;vehicle;vehicle;vehicle;vehicle;pedestrian;pedestrian
1498,0.816,Good,7,0,5,2,25.54,11.24,vehicle;vehicle;vehicle;vehicle;vehicle;pedestrian;vehicle
1501,0.832,Good,7,1,2,4,19.99,0.50,vehicle;vehicle;vehicle;vehicle;pedestrian;vehicle;vehicle
1504,0.858,Good,7,1,1,5,10.22,0.50,vehicle;vehicle;vehicle;vehicle;vehicle;vehicle;vehicle
1507,0.876,Good,7,0,3,4,24.85,1.86,vehicle;vehicle;vehicle;vehicle;vehicle;vehicle;vehicle
1510,0.891,Good,9,0,4,5,17.35,,vehicle;vehicle;vehicle;vehicle;vehicle;vehicle;vehicle;vehicle;vehicle
1513,0.894,Good,10,0,5,5,15.07,,vehicle;vehicle;vehicle;vehicle;vehicle;vehicle;vehicle;vehicle;vehicle;vehicle
1516,0.891,Good,10,0,4,6,18.39,0.79,vehicle;vehicle;vehicle;vehicle;vehicle;vehicle;vehicle;vehicle;vehicle;vehicle
1519,0.888,Good,9,0,2,7,24.85,0.79,vehicle;vehicle;vehicle;vehicle;vehicle;vehicle;vehicle;vehicle;vehicle
1522,0.898,Good,5,0,1,4,22.99,,vehicle;vehicle;vehicle;vehicle;vehicle
1525,0.872,Good,5,0,1,4,34.05,,vehicle;vehicle;vehicle;vehicle;vehicle
1528,0.860,Good,5,0,1,4,38.31,2.99,vehicle;vehicle;vehicle;vehicle;vehicle
1531,0.845,Good,9,0,5,4,15.85,1.17,vehicle;vehicle;vehicle;vehicle;vehicle;vehicle;vehicle;vehicle;vehicle
1534,0.841,Good,6,0,3,3,26.27,1.17,vehicle;vehicle;vehicle;vehicle;vehicle;vehicle
1537,0.842,Good,6,0,2,4,23.58,0.50,vehicle;vehicle;vehicle;vehicle;vehicle;vehicle
1540,0.832,Good,5,1,0,4,13.14,1.29,vehicle;vehicle;vehicle;vehicle;vehicle
1543,0.821,Good,6,1,0,5,18.03,0.50,vehicle;vehicle;vehicle;vehicle;vehicle;vehicle
1546,0.811,Good,7,1,2,4,13.72,3.10,vehicle;vehicle;vehicle;pedestrian;vehicle;vehicle;vehicle
1549,0.800,Good,5,1,0,4,13.14,3.10,vehicle;vehicle;vehicle;vehicle;vehicle
1552,0.783,Good,5,1,3,1,15.07,3.66,vehicle;vehicle;vehicle;vehicle;vehicle
1555,0.766,Good,9,0,5,4,7.48,1.13,vehicle;vehicle;vehicle;vehicle;vehicle;vehicle;vehicle;vehicle;vehicle
1558,0.777,Good,7,2,3,2,8.76,,vehicle;vehicle;vehicle;vehicle;vehicle;pedestrian;vehicle
1561,0.787,Good,9,1,5,3,7.48,,vehicle;vehicle;vehicle;vehicle;vehicle;vehicle;vehicle;vehicle;vehicle
1564,0.803,Good,10,2,6,2,10.82,0.50,vehicle;vehicle;vehicle;vehicle;vehicle;vehicle;vehicle;vehicle;vehicle;vehicle
1567,0.821,Good,9,1,4,4,22.43,0.50,vehicle;vehicle;vehicle;vehicle;vehicle;vehicle;vehicle;vehicle;vehicle
1570,0.832,Good,9,1,2,6,13.93,0.50,vehicle;vehicle;vehicle;vehicle;vehicle;vehicle;pedestrian;vehicle;vehicle
1573,0.852,Good,8,2,3,3,7.42,0.50,vehicle;vehicle;vehicle;vehicle;vehicle;vehicle;vehicle;vehicle
1576,0.847,Good,10,1,6,3,6.86,0.96,vehicle;vehicle;vehicle;vehicle;vehicle;vehicle;vehicle;pedestrian;vehicle;pedestrian
1579,0.849,Good,8,0,3,5,12.10,0.96,vehicle;vehicle;vehicle;pedestrian;vehicle;vehicle;vehicle;vehicle
1582,0.826,Good,10,0,1,9,21.89,99.00,vehicle;vehicle;vehicle;vehicle;vehicle;vehicle;vehicle;vehicle;vehicle;vehicle
1585,0.809,Good,10,1,1,8,8.51,3.25,vehicle;vehicle;vehicle;vehicle;vehicle;vehicle;vehicle;vehicle;vehicle;pedestrian
1588,0.790,Good,4,0,1,3,32.84,,vehicle;vehicle;vehicle;vehicle
1591,0.782,Good,5,0,1,4,29.66,,vehicle;vehicle;vehicle;vehicle;vehicle
1594,0.780,Good,7,1,1,5,19.56,0.50,vehicle;vehicle;vehicle;vehicle;vehicle;vehicle;pedestrian
1597,0.783,Good,6,1,3,2,10.57,0.50,vehicle;vehicle;vehicle;vehicle;vehicle;vehicle
1600,0.793,Good,7,1,5,1,12.60,0.50,vehicle;vehicle;vehicle;vehicle;pedestrian;vehicle;vehicle
1603,0.805,Good,2,0,0,2,32.84,,vehicle;vehicle
1606,0.814,Good,5,0,2,3,8.51,,vehicle;vehicle;vehicle;vehicle;pedestrian
1609,0.830,Good,5,0,4,1,14.59,,vehicle;vehicle;vehicle;vehicle;vehicle
1612,0.849,Good,10,0,1,9,19.99,,vehicle;vehicle;vehicle;vehicle;vehicle;vehicle;vehicle;vehicle;vehicle;pedestrian
1615,0.862,Good,4,0,4,0,22.99,0.74,vehicle;vehicle;pedestrian;vehicle
1618,0.880,Good,6,0,3,3,18.39,1.48,vehicle;vehicle;vehicle;vehicle;pedestrian;vehicle
1621,0.893,Good,7,2,2,3,10.10,0.74,vehicle;vehicle;vehicle;vehicle;pedestrian;vehicle;vehicle
1624,0.901,Good,4,0,2,2,21.89,,vehicle;vehicle;vehicle;vehicle
1627,0.909,Good,4,0,0,4,28.73,,vehicle;vehicle;vehicle;vehicle
1630,0.903,Good,2,0,2,0,31.71,,vehicle;vehicle
1633,0.891,Good,1,0,1,0,32.84,,vehicle
1636,0.875,Good,3,0,1,2,38.31,,vehicle;vehicle;vehicle
1639,0.864,Good,1,0,1,0,39.98,0.68,vehicle
1642,0.861,Good,3,0,2,1,22.43,,vehicle;vehicle;vehicle
1645,0.866,Good,2,0,1,1,27.04,2.88,vehicle;vehicle
1648,0.873,Good,1,0,0,1,48.39,,vehicle
1651,0.875,Good,5,0,2,3,15.58,,vehicle;vehicle;vehicle;vehicle;vehicle
1654,0.871,Good,4,1,1,2,13.33,,vehicle;vehicle;vehicle;vehicle
1657,0.869,Good,5,1,2,2,11.64,,vehicle;vehicle;vehicle;vehicle;vehicle
1660,0.875,Good,9,2,1,6,13.52,0.50,vehicle;vehicle;vehicle;vehicle;vehicle;vehicle;vehicle;vehicle;vehicle
1663,0.888,Good,5,0,3,2,16.13,0.61,vehicle;vehicle;vehicle;vehicle;vehicle
1666,0.901,Good,9,1,4,4,12.26,1.45,vehicle;vehicle;vehicle;vehicle;vehicle;vehicle;vehicle;vehicle;vehicle
1669,0.891,Good,8,0,3,5,22.43,,vehicle;vehicle;vehicle;vehicle;vehicle;vehicle;vehicle;vehicle
1672,0.888,Good,4,0,3,1,19.99,,vehicle;vehicle;vehicle;vehicle
1675,0.890,Good,5,0,3,2,15.07,,vehicle;vehicle;vehicle;vehicle;vehicle
1678,0.882,Good,5,0,2,3,14.83,0.50,vehicle;vehicle;vehicle;vehicle;vehicle
1681,0.883,Good,5,0,1,4,22.43,0.50,vehicle;vehicle;vehicle;vehicle;vehicle
1684,0.886,Good,4,0,1,3,16.72,,vehicle;vehicle;vehicle;vehicle
1687,0.886,Good,3,0,0,3,28.73,,vehicle;vehicle;vehicle
1690,0.881,Good,3,0,0,3,48.39,,vehicle;vehicle;vehicle
1693,0.880,Good,2,0,0,2,28.16,,vehicle;pedestrian
1696,0.879,Good,3,0,2,1,17.03,3.10,vehicle;vehicle;vehicle
1699,0.894,Good,1,0,0,1,54.09,,vehicle
1702,0.892,Good,1,0,1,0,34.05,,vehicle
1705,0.899,Good,5,1,1,3,14.37,0.68,vehicle;vehicle;pedestrian;vehicle;vehicle
1708,0.911,Good,1,0,1,0,15.58,,vehicle
1711,0.910,Good,2,0,2,0,15.32,0.50,vehicle;vehicle
1714,0.918,Good,5,1,1,3,10.33,,vehicle;vehicle;vehicle;vehicle;vehicle
1717,0.916,Good,1,0,1,0,14.59,,vehicle
1720,0.913,Good,5,0,2,3,13.93,0.99,vehicle;vehicle;vehicle;vehicle;vehicle
1723,0.893,Good,4,0,2,2,30.65,,vehicle;vehicle;vehicle;vehicle
1726,0.868,Good,2,0,1,1,20.43,,vehicle;vehicle
1729,0.836,Good,3,0,2,1,30.65,,vehicle;vehicle;vehicle
1732,0.814,Good,4,1,2,1,5.57,0.50,vehicle;vehicle;vehicle;vehicle
